Model,Language,Layer,Total Outputs,Unique Outputs,Duplicate Ratio,# Outputs >10,Top 5 %,Entropy (bits),Most Frequent Output,Top 3 Outputs
Babel-9B-Chat,English,1,10000,4915,50.85%,51,21.85%,10.16, 2) 2) 2) ,"{' 2) 2) 2) ': 1728, ' 1) 2) 1) ': 134, ' 1) 1) 1) ': 129}"
Babel-9B-Chat,English,2,10000,5928,40.72%,19,28.67%,10.06, 2) 2) 2) ,"{' 2) 2) 2) ': 1997, ' 1) 2) 1) ': 288, ' 1) 1) 1) ': 271}"
Babel-9B-Chat,English,3,10000,6676,33.24%,16,24.52%,10.7, 2) 2) 2) ,"{' 2) 2) 2) ': 1379, ' 2) 3) 3) ': 430, ' 1) 2) 1) ': 325}"
Babel-9B-Chat,English,4,10000,7244,27.56%,12,21.50%,11.14, 2) 2) 2) ,"{' 2) 2) 2) ': 973, ' 2) 3) 3) ': 485, ' 1) 2) 1) ': 414}"
Babel-9B-Chat,English,5,10000,7179,28.21%,14,22.30%,11.04, 2) 2) 2) ,"{' 2) 2) 2) ': 886, ' 2) 3) 3) ': 561, ' 1) 2) 1) ': 517}"
Babel-9B-Chat,English,6,10000,7012,29.88%,13,24.41%,10.83, 2) 2) 2) ,"{' 2) 2) 2) ': 877, ' 1) 2) 1) ': 670, ' 2) 3) 3) ': 606}"
Babel-9B-Chat,English,7,10000,6961,30.39%,11,24.84%,10.77, 1) 2) 1) ,"{' 1) 2) 1) ': 996, ' 2) 3) 3) ': 575, ' 2) 2) 2) ': 548}"
Babel-9B-Chat,English,8,10000,6627,33.73%,13,28.41%,10.34, 1) 2) 1) ,"{' 1) 2) 1) ': 1225, ' 2) 3) 3) ': 943, ' 2) 2) 2) ': 418}"
Babel-9B-Chat,English,9,10000,5808,41.92%,13,37.57%,9.29, 1) 2) 1) ,"{' 1) 2) 1) ': 1755, ' 2) 3) 3) ': 1445, ' 2) 2) 2) ': 246}"
Babel-9B-Chat,English,10,10000,5649,43.51%,14,38.94%,9.14, 1) 2) 1) ,"{' 1) 2) 1) ': 1794, ' 2) 3) 3) ': 1452, ' 1) 2) 3) ': 319}"
Babel-9B-Chat,English,11,10000,5880,41.20%,15,36.38%,9.4, 1) 2) 1) ,"{' 1) 2) 1) ': 1708, ' 2) 3) 3) ': 1432, ' 1) 2) 3) ': 235}"
Babel-9B-Chat,English,12,10000,5106,48.94%,16,44.89%,8.4, 2) 3) 3) ,"{' 2) 3) 3) ': 2081, ' 1) 2) 1) ': 1760, ' 1) 2) 3) ': 512}"
Babel-9B-Chat,English,13,10000,4864,51.36%,15,47.85%,8.08, 2) 3) 3) ,"{' 2) 3) 3) ': 2292, ' 1) 2) 1) ': 1698, ' 1) 2) 3) ': 629}"
Babel-9B-Chat,English,14,10000,4233,57.67%,12,55.16%,7.2, 2) 3) 3) ,"{' 2) 3) 3) ': 2767, ' 1) 2) 1) ': 1951, ' 1) 2) 3) ': 647}"
Babel-9B-Chat,English,15,10000,5130,48.70%,12,46.46%,8.21, 1) 2) 1) ,"{' 1) 2) 1) ': 2235, ' 2) 3) 3) ': 1974, ' 1) 2) 3) ': 383}"
Babel-9B-Chat,English,16,10000,5047,49.53%,12,46.95%,8.21, 1) 2) 1) ,"{' 1) 2) 1) ': 2167, ' 2) 3) 3) ': 1789, ' 1) 2) 3) ': 637}"
Babel-9B-Chat,English,17,10000,4335,56.65%,9,54.61%,7.31, 2) 3) 3) ,"{' 2) 3) 3) ': 2712, ' 1) 2) 1) ': 1895, ' 1) 2) 3) ': 663}"
Babel-9B-Chat,English,18,10000,4968,50.32%,7,48.47%,7.99, 1) 2) 1) ,"{' 1) 2) 1) ': 2384, ' 2) 3) 3) ': 1986, ' 1) 2) 3) ': 408}"
Babel-9B-Chat,English,19,10000,4582,54.18%,10,51.90%,7.62, 2) 3) 3) ,"{' 2) 3) 3) ': 2389, ' 1) 2) 1) ': 1981, ' 1) 2) 3) ': 709}"
Babel-9B-Chat,English,20,10000,4475,55.25%,11,52.92%,7.5, 2) 3) 3) ,"{' 2) 3) 3) ': 2660, ' 1) 2) 1) ': 1753, ' 1) 2) 3) ': 729}"
Babel-9B-Chat,English,21,10000,4838,51.62%,10,49.73%,7.88, 2) 3) 3) ,"{' 2) 3) 3) ': 2183, ' 1) 2) 1) ': 2110, ' 1) 2) 3) ': 602}"
Babel-9B-Chat,English,22,10000,4301,56.99%,13,54.18%,7.33, 2) 3) 3) ,"{' 2) 3) 3) ': 2649, ' 1) 2) 1) ': 1650, ' 1) 2) 3) ': 998}"
Babel-9B-Chat,English,23,10000,4366,56.34%,8,54.33%,7.38, 2) 3) 3) ,"{' 2) 3) 3) ': 2279, ' 1) 2) 1) ': 1841, ' 1) 2) 3) ': 1222}"
Babel-9B-Chat,English,24,10000,4578,54.22%,8,52.74%,7.57, 2) 3) 3) ,"{' 2) 3) 3) ': 2202, ' 1) 2) 1) ': 1972, ' 1) 2) 3) ': 1027}"
Babel-9B-Chat,English,25,10000,3677,63.23%,8,61.54%,6.49, 2) 3) 3) ,"{' 2) 3) 3) ': 2994, ' 1) 2) 1) ': 1566, ' 1) 2) 3) ': 1443}"
Babel-9B-Chat,English,26,10000,3773,62.27%,9,60.61%,6.64, 2) 3) 3) ,"{' 2) 3) 3) ': 2280, ' 1) 2) 1) ': 2222, ' 1) 2) 3) ': 1433}"
Babel-9B-Chat,English,27,10000,4181,58.19%,8,56.72%,7.09, 2) 3) 3) ,"{' 2) 3) 3) ': 2513, ' 1) 2) 1) ': 1987, ' 1) 2) 3) ': 1062}"
Babel-9B-Chat,English,28,10000,3572,64.28%,10,62.56%,6.39, 2) 3) 3) ,"{' 2) 3) 3) ': 2535, ' 1) 2) 1) ': 2222, ' 1) 2) 3) ': 1347}"
Babel-9B-Chat,English,29,10000,2921,70.79%,9,69.20%,5.64, 2) 3) 3) ,"{' 2) 3) 3) ': 2665, ' 1) 2) 1) ': 2136, ' 1) 2) 3) ': 1829}"
Babel-9B-Chat,English,30,10000,2548,74.52%,8,73.07%,5.13, 2) 3) 3) ,"{' 2) 3) 3) ': 2881, ' 1) 2) 3) ': 2622, ' 1) 2) 1) ': 1540}"
Babel-9B-Chat,English,31,10000,2222,77.78%,8,76.07%,4.69, 2) 3) 3) ,"{' 2) 3) 3) ': 3072, ' 1) 2) 3) ': 3025, ' 1) 2) 1) ': 1256}"
Babel-9B-Chat,English,32,10000,1852,81.48%,8,80.12%,4.25, 2) 3) 3) ,"{' 2) 3) 3) ': 2986, ' 1) 2) 3) ': 2664, ' 1) 2) 1) ': 2097}"
Babel-9B-Chat,English,33,10000,1047,89.53%,7,88.91%,2.71, 2) 3) 3) ,"{' 2) 3) 3) ': 5998, ' 1) 2) 1) ': 2251, ' 1) 2) 3) ': 368}"
Babel-9B-Chat,English,34,10000,53,99.47%,15,96.04%,1.68, 2) 3) 3) ,"{' 2) 3) 3) ': 6955, ' 1) 2) 1) ': 1092, ' 1) 2) 2) ': 946}"
Babel-9B-Chat,German,1,10000,4469,55.31%,64,23.44%,10.0, 1) 2) 3) ,"{' 1) 2) 3) ': 921, ' 100000000': 818, ' 1) 2) 1) ': 277}"
Babel-9B-Chat,German,2,10000,4358,56.42%,49,33.26%,9.12, 1) 2) 3) ,"{' 1) 2) 3) ': 1552, ' 100000000': 901, ' 1) 2) 1) ': 576}"
Babel-9B-Chat,German,3,10000,4822,51.78%,38,29.40%,9.58, 1) 2) 3) ,"{' 1) 2) 3) ': 1707, ' 100000000': 566, ' 1) 2) 1) ': 412}"
Babel-9B-Chat,German,4,10000,5490,45.10%,44,25.44%,10.1, 1) 2) 3) ,"{' 1) 2) 3) ': 1586, ' 100000000': 479, ' 1) 2) 1) ': 231}"
Babel-9B-Chat,German,5,10000,5309,46.91%,38,26.55%,9.85, 1) 2) 3) ,"{' 1) 2) 3) ': 1693, ' 100000000': 547, ' 1) 2) 1) ': 167}"
Babel-9B-Chat,German,6,10000,5093,49.07%,38,30.92%,9.43, 1) 2) 3) ,"{' 1) 2) 3) ': 2058, ' 100000000': 518, ' 1) 2) 1) ': 228}"
Babel-9B-Chat,German,7,10000,5059,49.41%,33,32.65%,9.27, 1) 2) 3) ,"{' 1) 2) 3) ': 2195, ' 100000000': 463, ' 1) 2) 1) ': 301}"
Babel-9B-Chat,German,8,10000,4088,59.12%,35,38.26%,8.29, 1) 2) 3) ,"{' 1) 2) 3) ': 2304, ' 100000000': 744, ' 2) 3) 4) ': 277}"
Babel-9B-Chat,German,9,10000,2860,71.40%,33,50.08%,6.9, 1) 2) 3) ,"{' 1) 2) 3) ': 2149, ' 2) 3) 3) ': 1333, ' 100000000': 809}"
Babel-9B-Chat,German,10,10000,2831,71.69%,34,50.80%,6.85, 1) 2) 3) ,"{' 1) 2) 3) ': 2130, ' 2) 3) 3) ': 1448, ' 100000000': 922}"
Babel-9B-Chat,German,11,10000,3201,67.99%,33,47.42%,7.24, 1) 2) 3) ,"{' 1) 2) 3) ': 2486, ' 2) 3) 3) ': 880, ' 100000000': 824}"
Babel-9B-Chat,German,12,10000,2328,76.72%,32,56.64%,6.16, 2) 3) 3) ,"{' 2) 3) 3) ': 2086, ' 1) 2) 3) ': 2023, ' 100000000': 909}"
Babel-9B-Chat,German,13,10000,2051,79.49%,30,61.37%,5.64, 2) 3) 3) ,"{' 2) 3) 3) ': 2704, ' 1) 2) 3) ': 1958, ' 100000000': 811}"
Babel-9B-Chat,German,14,10000,1344,86.56%,30,72.11%,4.4, 2) 3) 3) ,"{' 2) 3) 3) ': 4086, ' 1) 2) 3) ': 1894, ' 100000000': 662}"
Babel-9B-Chat,German,15,10000,1906,80.94%,30,63.14%,5.46, 1) 2) 3) ,"{' 1) 2) 3) ': 2526, ' 2) 3) 3) ': 2243, ' 100000000': 821}"
Babel-9B-Chat,German,16,10000,2086,79.14%,30,62.79%,5.6, 1) 2) 3) ,"{' 1) 2) 3) ': 2628, ' 2) 3) 3) ': 2163, ' 100000000': 886}"
Babel-9B-Chat,German,17,10000,1392,86.08%,29,72.12%,4.43, 2) 3) 3) ,"{' 2) 3) 3) ': 4084, ' 1) 2) 3) ': 1865, ' 100000000': 694}"
Babel-9B-Chat,German,18,10000,1869,81.31%,30,63.28%,5.46, 1) 2) 3) ,"{' 1) 2) 3) ': 2517, ' 2) 3) 3) ': 2027, ' 100000000': 950}"
Babel-9B-Chat,German,19,10000,1695,83.05%,31,66.57%,5.12, 2) 3) 3) ,"{' 2) 3) 3) ': 2799, ' 1) 2) 3) ': 2228, ' 100000000': 914}"
Babel-9B-Chat,German,20,10000,1534,84.66%,32,69.31%,4.8, 2) 3) 3) ,"{' 2) 3) 3) ': 3488, ' 1) 2) 3) ': 1947, ' 100000000': 791}"
Babel-9B-Chat,German,21,10000,1857,81.43%,32,64.25%,5.4, 1) 2) 3) ,"{' 1) 2) 3) ': 2445, ' 2) 3) 3) ': 2301, ' 100000000': 855}"
Babel-9B-Chat,German,22,10000,1793,82.07%,32,68.13%,5.05, 2) 3) 3) ,"{' 2) 3) 3) ': 3180, ' 1) 2) 3) ': 2243, ' 100000000': 760}"
Babel-9B-Chat,German,23,10000,2070,79.30%,30,63.43%,5.57, 1) 2) 3) ,"{' 1) 2) 3) ': 2400, ' 2) 3) 3) ': 2381, ' 100000000': 810}"
Babel-9B-Chat,German,24,10000,2158,78.42%,29,59.87%,5.85, 1) 2) 3) ,"{' 1) 2) 3) ': 2661, ' 2) 3) 3) ': 1670, ' 100000000': 765}"
Babel-9B-Chat,German,25,10000,1837,81.63%,27,66.29%,5.19, 2) 3) 3) ,"{' 2) 3) 3) ': 2968, ' 1) 2) 3) ': 2343, ' 100000000': 663}"
Babel-9B-Chat,German,26,10000,1902,80.98%,30,62.22%,5.4, 1) 2) 3) ,"{' 1) 2) 3) ': 3360, ' 2) 3) 3) ': 1612, ' 100000000': 508}"
Babel-9B-Chat,German,27,10000,1881,81.19%,27,61.44%,5.21, 1) 2) 3) ,"{' 1) 2) 3) ': 4484, ' 2) 3) 4) ': 541, ' 100000000': 494}"
Babel-9B-Chat,German,28,10000,1773,82.27%,29,63.97%,5.12, 1) 2) 3) ,"{' 1) 2) 3) ': 3974, ' 2) 3) 3) ': 1112, ' 2) 3) 4) ': 528}"
Babel-9B-Chat,German,29,10000,1221,87.79%,29,68.71%,4.33, 1) 2) 3) ,"{' 1) 2) 3) ': 4807, ' 2) 3) 4) ': 955, ' 100000000': 449}"
Babel-9B-Chat,German,30,10000,587,94.13%,28,81.59%,3.05, 1) 2) 3) ,"{' 1) 2) 3) ': 5698, ' 2) 3) 4) ': 1563, ' 100000000': 431}"
Babel-9B-Chat,German,31,10000,506,94.94%,30,81.66%,3.04, 1) 2) 3) ,"{' 1) 2) 3) ': 5336, ' 2) 3) 4) ': 2011, ' 100000000': 497}"
Babel-9B-Chat,German,32,10000,305,96.95%,25,88.22%,2.34, 1) 2) 3) ,"{' 1) 2) 3) ': 6051, ' 2) 3) 4) ': 2192, ' 100000000': 266}"
Babel-9B-Chat,German,33,10000,119,98.81%,23,92.63%,1.94, 1) 2) 3) ,"{' 1) 2) 3) ': 5488, ' 2) 3) 4) ': 3293, ' 2) 3) 3) ': 295}"
Babel-9B-Chat,German,34,10000,74,99.26%,16,95.22%,1.6, 2) 3) 3) ,"{' 2) 3) 3) ': 6570, ' 2) 3) 4) ': 2490, ' 3) 4) 5) ': 223}"
Babel-9B-Chat,Korean,1,10000,920,90.80%,32,76.16%,4.06, 2019년 12월,"{' 2019년 12월': 4698, ' 2017년 12월': 1589, ' 2017년 3) ': 794}"
Babel-9B-Chat,Korean,2,10000,1018,89.82%,26,79.47%,3.68, 2019년 12월,"{' 2019년 12월': 4818, ' 2017년 12월': 2287, ' 2017년 3) ': 516}"
Babel-9B-Chat,Korean,3,10000,1346,86.54%,30,75.49%,4.17, 2019년 12월,"{' 2019년 12월': 4595, ' 2017년 12월': 2232, ' 2017년 3) ': 432}"
Babel-9B-Chat,Korean,4,10000,1431,85.69%,26,75.63%,4.12, 2019년 12월,"{' 2019년 12월': 4624, ' 2017년 12월': 2299, ' 2017년 3) ': 380}"
Babel-9B-Chat,Korean,5,10000,1525,84.75%,23,74.92%,4.25, 2019년 12월,"{' 2019년 12월': 4518, ' 2017년 12월': 2271, ' 2017년 3) ': 389}"
Babel-9B-Chat,Korean,6,10000,1413,85.87%,25,76.14%,4.11, 2019년 12월,"{' 2019년 12월': 4416, ' 2017년 12월': 2464, ' 2017년 3) ': 354}"
Babel-9B-Chat,Korean,7,10000,1375,86.25%,25,74.65%,4.27, 2019년 12월,"{' 2019년 12월': 4002, ' 2017년 12월': 2622, ' 2017년 3) ': 331}"
Babel-9B-Chat,Korean,8,10000,1333,86.67%,27,74.25%,4.21, 2019년 12월,"{' 2019년 12월': 4195, ' 2017년 12월': 2469, ' 1) 2) 3) ': 263}"
Babel-9B-Chat,Korean,9,10000,951,90.49%,22,81.82%,3.33, 2019년 12월,"{' 2019년 12월': 5432, ' 2017년 12월': 1978, ' 2) 3) 3) ': 340}"
Babel-9B-Chat,Korean,10,10000,923,90.77%,22,82.26%,3.34, 2019년 12월,"{' 2019년 12월': 5199, ' 2017년 12월': 2174, ' 2) 3) 3) ': 378}"
Babel-9B-Chat,Korean,11,10000,896,91.04%,25,81.96%,3.3, 2019년 12월,"{' 2019년 12월': 5311, ' 2017년 12월': 2157, ' 1) 2) 3) ': 302}"
Babel-9B-Chat,Korean,12,10000,574,94.26%,18,88.15%,2.65, 2019년 12월,"{' 2019년 12월': 5891, ' 2017년 12월': 1869, ' 2) 3) 3) ': 708}"
Babel-9B-Chat,Korean,13,10000,491,95.09%,18,89.67%,2.42, 2019년 12월,"{' 2019년 12월': 6271, ' 2017년 12월': 1542, ' 2) 3) 3) ': 903}"
Babel-9B-Chat,Korean,14,10000,356,96.44%,20,92.04%,2.34, 2019년 12월,"{' 2019년 12월': 5798, ' 2) 3) 3) ': 1713, ' 2017년 12월': 1344}"
Babel-9B-Chat,Korean,15,10000,385,96.15%,19,90.46%,2.38, 2019년 12월,"{' 2019년 12월': 6140, ' 2017년 12월': 1674, ' 2) 3) 3) ': 820}"
Babel-9B-Chat,Korean,16,10000,522,94.78%,24,86.52%,2.91, 2019년 12월,"{' 2019년 12월': 5519, ' 2017년 12월': 1516, ' 2) 3) 3) ': 710}"
Babel-9B-Chat,Korean,17,10000,311,96.89%,18,90.74%,2.54, 2019년 12월,"{' 2019년 12월': 5334, ' 2) 3) 3) ': 1855, ' 2017년 12월': 1173}"
Babel-9B-Chat,Korean,18,10000,322,96.78%,20,90.03%,2.52, 2019년 12월,"{' 2019년 12월': 5753, ' 2017년 12월': 1581, ' 2) 3) 3) ': 871}"
Babel-9B-Chat,Korean,19,10000,349,96.51%,21,89.44%,2.66, 2019년 12월,"{' 2019년 12월': 5433, ' 2017년 12월': 1431, ' 2) 3) 3) ': 1133}"
Babel-9B-Chat,Korean,20,10000,318,96.82%,19,90.60%,2.6, 2019년 12월,"{' 2019년 12월': 5177, ' 2017년 12월': 1580, ' 2) 3) 3) ': 1528}"
Babel-9B-Chat,Korean,21,10000,310,96.90%,19,91.35%,2.51, 2019년 12월,"{' 2019년 12월': 5296, ' 2017년 12월': 1695, ' 2) 3) 3) ': 1482}"
Babel-9B-Chat,Korean,22,10000,336,96.64%,15,91.00%,2.6, 2019년 12월,"{' 2019년 12월': 4988, ' 2) 3) 3) ': 1856, ' 2017년 12월': 1555}"
Babel-9B-Chat,Korean,23,10000,353,96.47%,14,91.03%,2.56, 2019년 12월,"{' 2019년 12월': 5307, ' 2017년 12월': 1700, ' 2) 3) 3) ': 1365}"
Babel-9B-Chat,Korean,24,10000,310,96.90%,12,93.80%,2.1, 2019년 12월,"{' 2019년 12월': 6204, ' 2017년 12월': 1508, ' 2) 3) 3) ': 1312}"
Babel-9B-Chat,Korean,25,10000,341,96.59%,15,93.48%,2.16, 2019년 12월,"{' 2019년 12월': 5985, ' 2) 3) 3) ': 1907, ' 2017년 12월': 1172}"
Babel-9B-Chat,Korean,26,10000,369,96.31%,13,93.62%,2.24, 2019년 12월,"{' 2019년 12월': 5648, ' 2) 3) 3) ': 1974, ' 2017년 12월': 1413}"
Babel-9B-Chat,Korean,27,10000,352,96.48%,9,95.04%,1.8, 2019년 12월,"{' 2019년 12월': 6911, ' 2) 3) 3) ': 1245, ' 2017년 12월': 1229}"
Babel-9B-Chat,Korean,28,10000,437,95.63%,12,93.41%,2.28, 2019년 12월,"{' 2019년 12월': 5113, ' 2) 3) 3) ': 2856, ' 2017년 12월': 1186}"
Babel-9B-Chat,Korean,29,10000,316,96.84%,9,95.36%,2.11, 2019년 12월,"{' 2019년 12월': 4818, ' 2) 3) 3) ': 3103, ' 2017년 12월': 1462}"
Babel-9B-Chat,Korean,30,10000,165,98.35%,7,97.85%,1.73, 2019년 12월,"{' 2019년 12월': 5345, ' 2) 3) 3) ': 2873, ' 2017년 12월': 1501}"
Babel-9B-Chat,Korean,31,10000,218,97.82%,9,96.60%,1.9, 2019년 12월,"{' 2019년 12월': 5273, ' 2) 3) 3) ': 2747, ' 2017년 12월': 1532}"
Babel-9B-Chat,Korean,32,10000,86,99.14%,8,98.46%,1.64, 2019년 12월,"{' 2019년 12월': 4913, ' 2) 3) 3) ': 3644, ' 2017년 12월': 1214}"
Babel-9B-Chat,Korean,33,10000,32,99.68%,10,98.29%,1.89, 2019년 12월,"{' 2019년 12월': 3875, ' 2) 3) 3) ': 3635, ' 2017년 12월': 1900}"
Babel-9B-Chat,Korean,34,10000,303,96.97%,50,64.27%,4.32, 2) 2) 2) ,"{' 2) 2) 2) ': 2574, ' 3) 4) 5) ': 1805, ' 2020년 3) ': 731}"
Llama-2-7b-chat-hf,English,1,10000,2335,76.65%,165,9.78%,9.62,"tion

What is the difference between these","{'tion\n\nWhat is the difference between these': 251, 'ir\n\nWhat is the difference between ""er': 193, 'xt\n\nWhat is the difference between these': 187}"
Llama-2-7b-chat-hf,English,2,10000,3911,60.89%,140,4.81%,10.74,"ism

What is the difference between these","{'ism\n\nWhat is the difference between these': 113, 'ity\n\nWhat is the difference between these': 104, 'ist\n\nWhat is the difference between these two': 104}"
Llama-2-7b-chat-hf,English,3,10000,6022,39.78%,79,5.45%,11.61,"1000

What is the","{'1000\n\nWhat is the': 186, '2)\n\nAnswer: 1)': 123, '2)\n\nAnswer:\n\n1': 98}"
Llama-2-7b-chat-hf,English,4,10000,6584,34.16%,59,6.14%,11.7,"1000

What is the","{'1000\n\nWhat is the': 196, '1000\n\nThe word ""': 128, '100%\n\nThe word ""': 116}"
Llama-2-7b-chat-hf,English,5,10000,6452,35.48%,68,7.70%,11.5,"1000

The word ""","{'1000\n\nThe word ""': 203, '1000\n\nWhat is the': 172, '100%\n\nThe word ""': 148}"
Llama-2-7b-chat-hf,English,6,10000,5685,43.15%,66,11.30%,10.77,"1000

What is the","{'1000\n\nWhat is the': 322, '1000 times\n\nWhat is': 224, '1000\n\nAnswer: ': 219}"
Llama-2-7b-chat-hf,English,7,10000,5698,43.02%,62,12.97%,10.7,"1000

What is the","{'1000\n\nWhat is the': 348, '1000\n\nAnswer: ': 271, '1st  3) 2nd  ': 242}"
Llama-2-7b-chat-hf,English,8,10000,5446,45.54%,67,14.41%,10.51,"1000

Answer: ","{'1000\n\nAnswer: ': 347, '2)\n\nAnswer:\n\n1': 319, '2)\n\nAnswer: 1)': 281}"
Llama-2-7b-chat-hf,English,9,10000,5491,45.09%,70,15.01%,10.5,"2)

Answer:

1","{'2)\n\nAnswer:\n\n1': 415, '1000\n\nAnswer: ': 351, '2)\n\nAnswer: 1)': 349}"
Llama-2-7b-chat-hf,English,10,10000,5368,46.32%,66,18.36%,10.26,"2)

Answer:

1","{'2)\n\nAnswer:\n\n1': 699, '2)\n\nAnswer: 1)': 425, '1000\n\nAnswer: ': 332}"
Llama-2-7b-chat-hf,English,11,10000,5590,44.10%,51,24.36%,10.08,"2)

Answer:

1","{'2)\n\nAnswer:\n\n1': 1173, '2)\n\nAnswer: 1)': 627, '2) 3) 4) ': 282}"
Llama-2-7b-chat-hf,English,12,10000,5321,46.79%,53,26.33%,9.82,"2)

Answer:

1","{'2)\n\nAnswer:\n\n1': 1187, '2)\n\nAnswer: 1)': 748, '2) 3) 4) ': 369}"
Llama-2-7b-chat-hf,English,13,10000,5397,46.03%,52,26.98%,9.85,"2)

Answer:

1","{'2)\n\nAnswer:\n\n1': 1193, '2)\n\nAnswer: 1)': 759, '2) 3) 4) ': 395}"
Llama-2-7b-chat-hf,English,14,10000,5359,46.41%,48,29.06%,9.69,"2)

Answer:

1","{'2)\n\nAnswer:\n\n1': 1287, '2)\n\nAnswer: 1)': 962, '2) 3) 4) ': 384}"
Llama-2-7b-chat-hf,English,15,10000,5108,48.92%,51,30.78%,9.46,"2)

Answer:

1","{'2)\n\nAnswer:\n\n1': 1278, '2)\n\nAnswer: 1)': 952, '2) 3) 4) ': 574}"
Llama-2-7b-chat-hf,English,16,10000,4309,56.91%,47,41.72%,8.34,"2)

Answer:

1","{'2)\n\nAnswer:\n\n1': 1755, '2)\n\nAnswer: 1)': 1403, '2) 3) 4) ': 771}"
Llama-2-7b-chat-hf,English,17,10000,4377,56.23%,47,39.40%,8.52,"2)

Answer:

1","{'2)\n\nAnswer:\n\n1': 1591, '2)\n\nAnswer: 1)': 1217, '2) 3) 4) ': 922}"
Llama-2-7b-chat-hf,English,18,10000,3854,61.46%,47,44.28%,7.91,"2)

Answer:

1","{'2)\n\nAnswer:\n\n1': 1754, '2) 3) 4) ': 1268, '2)\n\nAnswer: 1)': 1212}"
Llama-2-7b-chat-hf,English,19,10000,4045,59.55%,38,46.76%,7.85,"2)

Answer:

1","{'2)\n\nAnswer:\n\n1': 1786, '2) 3) 4) ': 1511, '2)\n\nAnswer: 1)': 1191}"
Llama-2-7b-chat-hf,English,20,10000,3295,67.05%,38,55.72%,6.85,"2)

Answer:

1","{'2)\n\nAnswer:\n\n1': 2032, '2) 3) 4) ': 2001, '2)\n\nAnswer: 1)': 1286}"
Llama-2-7b-chat-hf,English,21,10000,2958,70.42%,37,57.77%,6.52,2) 3) 4) ,"{'2) 3) 4) ': 2332, '2)\n\nAnswer:\n\n1': 1919, '2)\n\nAnswer: 1)': 1221}"
Llama-2-7b-chat-hf,English,22,10000,2357,76.43%,33,66.41%,5.66,2) 3) 4) ,"{'2) 3) 4) ': 2626, '2)\n\nAnswer:\n\n1': 2059, '2)\n\nAnswer: 1)': 1388}"
Llama-2-7b-chat-hf,English,23,10000,2153,78.47%,37,68.13%,5.37,2) 3) 4) ,"{'2) 3) 4) ': 3007, '2)\n\nAnswer:\n\n1': 2049, '2)\n\nAnswer: 1)': 1311}"
Llama-2-7b-chat-hf,English,24,10000,1906,80.94%,38,70.79%,5.03,2) 3) 4) ,"{'2) 3) 4) ': 3430, '2)\n\nAnswer:\n\n1': 2111, '2)\n\nAnswer: 1)': 1013}"
Llama-2-7b-chat-hf,English,25,10000,1603,83.97%,35,75.17%,4.56,2) 3) 4) ,"{'2) 3) 4) ': 3634, '2)\n\nAnswer:\n\n1': 2210, '2)\n\nAnswer: 1)': 1088}"
Llama-2-7b-chat-hf,English,26,10000,1279,87.21%,30,78.81%,4.16,2) 3) 4) ,"{'2) 3) 4) ': 3613, '2)\n\nAnswer:\n\n1': 2385, '2)\n\nAnswer: 1)': 1146}"
Llama-2-7b-chat-hf,English,27,10000,1014,89.86%,30,81.68%,3.9,2) 3) 4) ,"{'2) 3) 4) ': 3326, '2)\n\nAnswer:\n\n1': 2560, '2)\n\nAnswer: 1)': 1081}"
Llama-2-7b-chat-hf,English,28,10000,709,92.91%,23,85.59%,3.46,2) 3) 4) ,"{'2) 3) 4) ': 3458, '2)\n\nAnswer:\n\n1': 2507, '3) 4) 5)\n': 1533}"
Llama-2-7b-chat-hf,English,29,10000,600,94.00%,32,86.05%,3.28,2) 3) 4) ,"{'2) 3) 4) ': 4286, '2)\n\nAnswer:\n\n1': 1996, '3) 4) 5)\n': 1346}"
Llama-2-7b-chat-hf,English,30,10000,556,94.44%,32,82.89%,3.42,2) 3) 4) ,"{'2) 3) 4) ': 4050, '2)\n\nAnswer:\n\n1': 2191, '3) 4) 5)\n': 1208}"
Llama-2-7b-chat-hf,English,31,10000,567,94.33%,47,81.85%,3.7,2) 3) 4) ,"{'2) 3) 4) ': 3659, '3) 4) 5)\n': 1748, '2)\n\nAnswer:\n\n1': 1535}"
Llama-2-7b-chat-hf,English,32,10000,379,96.21%,68,63.75%,4.48,2) 3) 4) ,"{'2) 3) 4) ': 3248, '3) 4) 5) ': 1892, '3) 4) 5)\n': 622}"
Llama-2-7b-chat-hf,German,1,10000,2188,78.12%,216,7.43%,9.86,"ia

Welche der beiden ist der","{'ia\n\nWelche der beiden ist der': 319, 'ung\n\nWelche der beiden ist der': 181, '2)\n\nIch denke,': 102}"
Llama-2-7b-chat-hf,German,2,10000,3669,63.31%,133,7.53%,10.62,100000000,"{'100000000': 191, '2)\n\nWelche der beiden W': 159, ' .\n\nWelche Zeichen sind es': 154}"
Llama-2-7b-chat-hf,German,3,10000,4997,50.03%,80,10.23%,11.02,100000000,"{'100000000': 476, '1970er-Jahre': 264, 'ungs\n\nWelche der beiden ist kor': 105}"
Llama-2-7b-chat-hf,German,4,10000,5265,47.35%,86,11.01%,11.05,100000000,"{'100000000': 419, '1970er-Jahre': 283, '1)\n\nIch denke,': 155}"
Llama-2-7b-chat-hf,German,5,10000,5107,48.93%,82,13.07%,10.76,100000000,"{'100000000': 446, '1970er-Jahre': 391, '1. \n\nWelche der beiden': 196}"
Llama-2-7b-chat-hf,German,6,10000,4016,59.84%,90,17.31%,9.75,100000000,"{'100000000': 515, '1970er-Jahre': 504, '1)\n\nBitte gib mir': 291}"
Llama-2-7b-chat-hf,German,7,10000,3543,64.57%,96,18.44%,9.34,1970er-Jahre,"{'1970er-Jahre': 506, '1)\n\nBitte gib mir': 460, '100000000': 419}"
Llama-2-7b-chat-hf,German,8,10000,3308,66.92%,103,19.53%,9.12,"1)

Bitte gib mir","{'1)\n\nBitte gib mir': 605, '1970er-Jahre': 456, '100000000': 413}"
Llama-2-7b-chat-hf,German,9,10000,3132,68.68%,104,19.52%,8.95,"1)

Bitte gib mir","{'1)\n\nBitte gib mir': 656, '1970er-Jahre': 474, '100000000': 326}"
Llama-2-7b-chat-hf,German,10,10000,2927,70.73%,108,21.30%,8.75,"1)

Bitte gib mir","{'1)\n\nBitte gib mir': 869, '1970er-Jahre': 440, '1)\n\nIch denke,': 293}"
Llama-2-7b-chat-hf,German,11,10000,2850,71.50%,112,20.03%,8.68,"1)

Bitte gib mir","{'1)\n\nBitte gib mir': 823, '1970er-Jahre': 422, '2)\n\nWelche der beiden ist': 271}"
Llama-2-7b-chat-hf,German,12,10000,2867,71.33%,108,21.16%,8.63,"1)

Bitte gib mir","{'1)\n\nBitte gib mir': 957, '1970er-Jahre': 354, '2)\n\nWelche der beiden W': 296}"
Llama-2-7b-chat-hf,German,13,10000,2905,70.95%,109,21.41%,8.63,"1)

Bitte gib mir","{'1)\n\nBitte gib mir': 946, '1970er-Jahre': 342, '2)\n\nWelche der beiden W': 333}"
Llama-2-7b-chat-hf,German,14,10000,2833,71.67%,111,22.60%,8.58,"1)

Bitte gib mir","{'1)\n\nBitte gib mir': 839, '2)\n\nWelche der beiden W': 416, '3) 4) 5) ': 367}"
Llama-2-7b-chat-hf,German,15,10000,2710,72.90%,100,23.12%,8.47,"1)

Bitte gib mir","{'1)\n\nBitte gib mir': 829, '2)\n\nWelche der beiden W': 467, '3) 4) 5) ': 441}"
Llama-2-7b-chat-hf,German,16,10000,2121,78.79%,85,33.25%,7.51,3) 4) 5) ,"{'3) 4) 5) ': 1162, '2)\n\nWelche der beiden W': 798, '1)\n\nBitte gib mir': 566}"
Llama-2-7b-chat-hf,German,17,10000,2186,78.14%,96,32.45%,7.63,3) 4) 5) ,"{'3) 4) 5) ': 1373, '1)\n\nBitte gib mir': 539, '2)\n\nWelche der beiden W': 514}"
Llama-2-7b-chat-hf,German,18,10000,1897,81.03%,89,35.17%,7.2,3) 4) 5) ,"{'3) 4) 5) ': 1744, '2)\n\nIch denke,': 549, '2)\n\nWelche der beiden W': 546}"
Llama-2-7b-chat-hf,German,19,10000,1691,83.09%,75,43.12%,6.57,3) 4) 5) ,"{'3) 4) 5) ': 2467, '2)\n\nWelche der beiden W': 603, '2)\n\nIch denke,': 458}"
Llama-2-7b-chat-hf,German,20,10000,1100,89.00%,63,52.94%,5.41,3) 4) 5) ,"{'3) 4) 5) ': 3428, '2)\n\nWelche der beiden W': 616, '2) 3) 4) ': 461}"
Llama-2-7b-chat-hf,German,21,10000,1067,89.33%,63,55.83%,5.24,3) 4) 5) ,"{'3) 4) 5) ': 3763, '2)\n\nWelche der beiden W': 506, '2) 3) 4) ': 460}"
Llama-2-7b-chat-hf,German,22,10000,775,92.25%,51,62.30%,4.48,3) 4) 5) ,"{'3) 4) 5) ': 4507, '2)\n\nWelche der beiden W': 652, '2) 3) 4) ': 392}"
Llama-2-7b-chat-hf,German,23,10000,614,93.86%,53,62.23%,4.39,3) 4) 5) ,"{'3) 4) 5) ': 4333, '2)\n\nWelche der beiden W': 724, '2) 3) 4) ': 395}"
Llama-2-7b-chat-hf,German,24,10000,577,94.23%,55,64.49%,4.21,3) 4) 5) ,"{'3) 4) 5) ': 4583, '2)\n\nWelche der beiden W': 580, '2) 3) 4) ': 545}"
Llama-2-7b-chat-hf,German,25,10000,472,95.28%,48,65.26%,4.16,3) 4) 5) ,"{'3) 4) 5) ': 4309, '2)\n\nWelche der beiden W': 741, '2) 3) 4) ': 629}"
Llama-2-7b-chat-hf,German,26,10000,415,95.85%,40,67.48%,3.93,3) 4) 5) ,"{'3) 4) 5) ': 4642, '2)\n\nWelche der beiden W': 758, '2) 3) 4) ': 510}"
Llama-2-7b-chat-hf,German,27,10000,365,96.35%,45,70.15%,3.49,3) 4) 5) ,"{'3) 4) 5) ': 5599, '2)\n\nWelche der beiden W': 455, '2)\n\nIch denke,': 374}"
Llama-2-7b-chat-hf,German,28,10000,326,96.74%,46,72.70%,3.17,3) 4) 5) ,"{'3) 4) 5) ': 6214, '\n\nDie Antwort ist: 2': 296, '2)\n\nWelche der beiden W': 273}"
Llama-2-7b-chat-hf,German,29,10000,350,96.50%,51,75.76%,2.95,3) 4) 5) ,"{'3) 4) 5) ': 6665, '\n\nDie Antwort ist: 2': 359, '2)\n\nIch denke,': 206}"
Llama-2-7b-chat-hf,German,30,10000,362,96.38%,59,72.46%,3.4,3) 4) 5) ,"{'3) 4) 5) ': 5975, '\n\nDie Antwort ist: 2': 578, '\n\nIch denke, das ist': 261}"
Llama-2-7b-chat-hf,German,31,10000,500,95.00%,44,81.56%,2.48,3) 4) 5) ,"{'3) 4) 5) ': 7645, '3) 4) 5)\n': 183, '2) 3) 4) ': 152}"
Llama-2-7b-chat-hf,German,32,10000,933,90.67%,90,41.74%,6.15,3) 4) 5) ,"{'3) 4) 5) ': 2669, '3)\n\nWelche der beiden W': 440, '3) 4) 5)\n': 404}"
Llama-2-7b-chat-hf,Korean,1,10000,176,98.24%,120,15.78%,6.62,두  3) ��,"{'두  3) ��': 397, '네  3) ��': 358, '말  3) ��': 305}"
Llama-2-7b-chat-hf,Korean,2,10000,350,96.50%,143,16.83%,6.9,두 번 나,"{'두 번 나': 419, '직  3) ��': 352, '반  3) ��': 336}"
Llama-2-7b-chat-hf,Korean,3,10000,905,90.95%,177,12.12%,8.02,반  3) ��,"{'반  3) ��': 266, '병  3) ��': 250, '노  3) ��': 244}"
Llama-2-7b-chat-hf,Korean,4,10000,1514,84.86%,192,9.77%,8.78,물  3) ��,"{'물  3) ��': 250, '독  3) ��': 190, '병  3) ��': 187}"
Llama-2-7b-chat-hf,Korean,5,10000,2280,77.20%,181,9.00%,9.54,직업  3),"{'직업  3)': 237, '물  3) ��': 217, '반응  3)': 151}"
Llama-2-7b-chat-hf,Korean,6,10000,3276,67.24%,160,7.02%,10.32,직업  3),"{'직업  3)': 187, '두 번 나': 180, '반응  3)': 134}"
Llama-2-7b-chat-hf,Korean,7,10000,3516,64.84%,145,6.04%,10.48,두 번 나,"{'두 번 나': 176, '직업  3)': 157, '반응  3)': 113}"
Llama-2-7b-chat-hf,Korean,8,10000,3797,62.03%,141,7.22%,10.66,두 번 나,"{'두 번 나': 227, '직업  3)': 194, '반응  3)': 116}"
Llama-2-7b-chat-hf,Korean,9,10000,3871,61.29%,130,7.26%,10.7,두 번 나,"{'두 번 나': 220, '직업  3)': 197, '변경\n\n1. ': 115}"
Llama-2-7b-chat-hf,Korean,10,10000,4000,60.00%,127,7.62%,10.75,두 번 나,"{'두 번 나': 263, '직업  3)': 153, '변경\n\n1. ': 133}"
Llama-2-7b-chat-hf,Korean,11,10000,4212,57.88%,122,8.31%,10.81,두 번 나,"{'두 번 나': 313, '직업  3)': 177, '변경\n\n1. ': 121}"
Llama-2-7b-chat-hf,Korean,12,10000,4212,57.88%,115,7.96%,10.81,두 번 나,"{'두 번 나': 290, '변경\n\n1. ': 147, '직업  3)': 141}"
Llama-2-7b-chat-hf,Korean,13,10000,4324,56.76%,114,7.04%,10.91,두 번 나,"{'두 번 나': 256, '직업  3)': 147, '변경\n\n1. ': 121}"
Llama-2-7b-chat-hf,Korean,14,10000,4340,56.60%,115,6.47%,10.94,두 번 나,"{'두 번 나': 212, '직업  3)': 149, '변경\n\n1. ': 103}"
Llama-2-7b-chat-hf,Korean,15,10000,4268,57.32%,124,6.29%,10.92,두 번 나,"{'두 번 나': 216, '직업  3)': 138, '변경\n\n1. ': 102}"
Llama-2-7b-chat-hf,Korean,16,10000,4193,58.07%,109,8.71%,10.67,두 번 나,"{'두 번 나': 431, '직업  3)': 175, '변경\n\n1. ': 97}"
Llama-2-7b-chat-hf,Korean,17,10000,4071,59.29%,106,9.09%,10.61,두 번 나,"{'두 번 나': 433, '직업  3)': 161, '변경\n\n1. ': 112}"
Llama-2-7b-chat-hf,Korean,18,10000,4064,59.36%,105,7.84%,10.73,두 번 나,"{'두 번 나': 324, '직업  3)': 146, '반응  3)': 113}"
Llama-2-7b-chat-hf,Korean,19,10000,4120,58.80%,115,8.03%,10.75,두 번 나,"{'두 번 나': 314, '직업 3)': 148, '반응  3)': 141}"
Llama-2-7b-chat-hf,Korean,20,10000,4004,59.96%,114,9.42%,10.62,두 번 나,"{'두 번 나': 428, '직업 3)': 172, '반응  3)': 122}"
Llama-2-7b-chat-hf,Korean,21,10000,3910,60.90%,116,10.20%,10.52,두 번 나,"{'두 번 나': 519, '직업 3)': 165, '반응  3)': 137}"
Llama-2-7b-chat-hf,Korean,22,10000,3698,63.02%,109,12.25%,10.24,두 번 나,"{'두 번 나': 673, '직업 3)': 177, '반응  3)': 139}"
Llama-2-7b-chat-hf,Korean,23,10000,3227,67.73%,124,14.94%,9.76,두 번 나,"{'두 번 나': 839, '직업 3)': 204, '반응  3)': 192}"
Llama-2-7b-chat-hf,Korean,24,10000,3174,68.26%,123,15.94%,9.68,두 번 나,"{'두 번 나': 923, '직업 3)': 215, '반응  3)': 176}"
Llama-2-7b-chat-hf,Korean,25,10000,3007,69.93%,116,19.47%,9.3,두 번 나,"{'두 번 나': 1217, '직업 3)': 249, '반응  3)': 184}"
Llama-2-7b-chat-hf,Korean,26,10000,2526,74.74%,108,26.19%,8.5,두 번 나,"{'두 번 나': 1752, '직업 3)': 260, '반응  3)': 255}"
Llama-2-7b-chat-hf,Korean,27,10000,2293,77.07%,104,31.11%,7.97,두 번 나,"{'두 번 나': 2265, '변경  3) �': 236, '직업 3)': 228}"
Llama-2-7b-chat-hf,Korean,28,10000,1968,80.32%,95,39.11%,7.13,두 번 나,"{'두 번 나': 3139, '직업 3)': 219, '물고기  3) ': 206}"
Llama-2-7b-chat-hf,Korean,29,10000,1567,84.33%,86,45.98%,6.33,두 번 나,"{'두 번 나': 3684, '물고기  3) ': 338, '변경  3) �': 202}"
Llama-2-7b-chat-hf,Korean,30,10000,1307,86.93%,76,53.76%,5.54,두 번 나,"{'두 번 나': 4428, '물고기  3) ': 404, '직업 3)': 206}"
Llama-2-7b-chat-hf,Korean,31,10000,1470,85.30%,71,52.05%,5.93,두 번 나,"{'두 번 나': 3999, '물고기  3) ': 379, '3) 4) 5)\n': 327}"
Llama-2-7b-chat-hf,Korean,32,10000,1393,86.07%,73,53.07%,5.86,3) 4) 5) ,"{'3) 4) 5) ': 3536, '3) 4) 5)\n': 907, '2) 3) 4) ': 448}"
gemma-3-12b-it,English,1,10000,5286,47.14%,84,7.98%,11.27," 1) 1)

The answer is","{' 1) 1)\n\nThe answer is': 299, ' 1) 3) 1) ': 146, ' ণ\n\nThe answer is ণ.\n\n': 140}"
gemma-3-12b-it,English,2,10000,6008,39.92%,55,10.77%,11.41," 1) 1)

The answer is","{' 1) 1)\n\nThe answer is': 572, ' 1) 3) 1) ': 248, ' ণ\n\nThe answer is ণ.\n\n': 99}"
gemma-3-12b-it,English,3,10000,8032,19.68%,27,6.20%,12.43," 1) 1)

The answer is","{' 1) 1)\n\nThe answer is': 291, ' 1) 3) 1) ': 130, ' 1) 3) 4) ': 97}"
gemma-3-12b-it,English,4,10000,8621,13.79%,15,7.45%,12.54," 1) 1)

The answer is","{' 1) 1)\n\nThe answer is': 269, ' 1) 3) 4) ': 197, ' 3) 4) 5) ': 121}"
gemma-3-12b-it,English,5,10000,8590,14.10%,14,8.22%,12.46, 1) 3) 4) ,"{' 1) 3) 4) ': 247, ' 1) \n\nThis is a tricky one': 237, ' 1) 1)\n\nThe answer is': 192}"
gemma-3-12b-it,English,6,10000,8757,12.43%,16,6.50%,12.59, 1) 3) 4) ,"{' 1) 3) 4) ': 205, ' 1) \n\nThis is a tricky one': 187, ' 1) 1)\n\nThe answer is': 131}"
gemma-3-12b-it,English,7,10000,9008,9.92%,18,4.74%,12.77, 1) 3) 4) ,"{' 1) 3) 4) ': 142, ' 1) \n\nThis is a tricky one': 105, ' 1)\n\nThe answer is: 1': 84}"
gemma-3-12b-it,English,8,10000,9105,8.95%,19,3.93%,12.83, 1) 3) 4) ,"{' 1) 3) 4) ': 128, ' 1)\n\nThe answer is: 1': 85, ' 1) \n\nThis is a tricky one': 61}"
gemma-3-12b-it,English,9,10000,9036,9.64%,19,4.16%,12.79, 1) 3) 4) ,"{' 1) 3) 4) ': 133, ' 1)\n\nThe answer is: 1': 110, ' 1) 1)\n\nThe answer is': 58}"
gemma-3-12b-it,English,10,10000,9131,8.69%,17,3.58%,12.85, 1) 3) 4) ,"{' 1) 3) 4) ': 107, ' 1)\n\nThe answer is: 1': 96, ' 1)\n\nThis is a tricky one!': 56}"
gemma-3-12b-it,English,11,10000,9202,7.98%,16,3.29%,12.89," 1) 1)

The answer is","{' 1) 1)\n\nThe answer is': 75, ' 1)\n\nThe answer is: 1': 71, ' 1) 1)\n\nNext is the': 70}"
gemma-3-12b-it,English,12,10000,9220,7.80%,14,3.04%,12.91," 1) 1)

The answer is","{' 1) 1)\n\nThe answer is': 64, ' 1) 1)\n\nNext is the': 63, ' 1) 3) 4) ': 62}"
gemma-3-12b-it,English,13,10000,9256,7.44%,13,3.29%,12.93, 1) 1) 1) ,"{' 1) 1) 1) ': 71, ' 1) 3) 1) ': 69, ' 1) 1)\n\nNext is the': 69}"
gemma-3-12b-it,English,14,10000,9202,7.98%,16,4.27%,12.88," 1) 

This is a tricky one","{' 1) \n\nThis is a tricky one': 119, ' 1) 3) 1) ': 93, ' 1) 1) 1) ': 93}"
gemma-3-12b-it,English,15,10000,9113,8.87%,13,4.74%,12.84," 1) 

This is a tricky one","{' 1) \n\nThis is a tricky one': 118, ' 1) 1) 1) ': 111, ' 1) 3) 1) ': 94}"
gemma-3-12b-it,English,16,10000,9107,8.93%,12,4.63%,12.84," 1) 

This is a tricky one","{' 1) \n\nThis is a tricky one': 120, ' 1)\n\nThis is a tricky one!': 95, ' 1) 1) 1) ': 91}"
gemma-3-12b-it,English,17,10000,8914,10.86%,14,5.72%,12.7," 1)

This is a tricky one!","{' 1)\n\nThis is a tricky one!': 256, ' 1) \n\nThis is a tricky one': 147, ' 1) 3) 1) ': 67}"
gemma-3-12b-it,English,18,10000,8688,13.12%,15,8.37%,12.46," 1)

This is a tricky one!","{' 1)\n\nThis is a tricky one!': 456, ' 1) \n\nThis is a tricky one': 212, ' 1) 3) 1) ': 73}"
gemma-3-12b-it,English,19,10000,8548,14.52%,17,8.43%,12.38," 1)

This is a tricky one!","{' 1)\n\nThis is a tricky one!': 452, ' 1) \n\nThis is a tricky one': 187, ' 1) 3) 1) ': 89}"
gemma-3-12b-it,English,20,10000,8340,16.60%,20,8.76%,12.28," 1)

This is a tricky one!","{' 1)\n\nThis is a tricky one!': 413, ' 1) \n\nThis is a tricky one': 169, ' 1) 3) 1) ': 130}"
gemma-3-12b-it,English,21,10000,8490,15.10%,20,8.09%,12.36," 1)

This is a tricky one!","{' 1)\n\nThis is a tricky one!': 456, ' 1) \n\nThis is a tricky one': 111, ' 1) 3) 1) ': 85}"
gemma-3-12b-it,English,22,10000,8337,16.63%,22,7.84%,12.28," 1)

This is a tricky one!","{' 1)\n\nThis is a tricky one!': 358, ' 1) 1)\n\nThe answer is': 135, ' 1) \n\nThis is a tricky one': 100}"
gemma-3-12b-it,English,23,10000,8013,19.87%,27,7.91%,12.14," 1)

This is a tricky one!","{' 1)\n\nThis is a tricky one!': 273, ' 1) 3) 2\n\nThe': 179, ' 3) 4) 5) ': 159}"
gemma-3-12b-it,English,24,10000,7007,29.93%,38,12.34%,11.37, 3) 4) 5) ,"{' 3) 4) 5) ': 370, ' 1) 3) 2\n\nThe': 295, ' 1)\n\nThis is a tricky one!': 269}"
gemma-3-12b-it,English,25,10000,6509,34.91%,38,17.40%,10.84, 3) 4) 5) ,"{' 3) 4) 5) ': 714, ' 1) 3) 2\n\nThe': 330, ' 1) 1)\n\nThe next word': 273}"
gemma-3-12b-it,English,26,10000,5804,41.96%,44,21.97%,10.19, 3) 4) 5) ,"{' 3) 4) 5) ': 1073, ' 1) 3) 2\n\nThe': 422, ' banana banana\n\nThe next word is: 3': 259}"
gemma-3-12b-it,English,27,10000,4504,54.96%,38,34.95%,8.5, 3) 4) 5) ,"{' 3) 4) 5) ': 2603, ' 1) 1)\n\nThe next word': 273, ' banana banana\n\nThe next word is: 3': 265}"
gemma-3-12b-it,English,28,10000,4019,59.81%,38,40.36%,7.79, 3) 4) 5) ,"{' 3) 4) 5) ': 3164, ' 1) 2)\n\nThis is a': 238, ' 1) 1)\n\nThe next word': 225}"
gemma-3-12b-it,English,29,10000,2794,72.06%,39,50.68%,6.46, 3) 4) 5) ,"{' 3) 4) 5) ': 3576, ' 1) 2)\n\nThis is a': 587, ' 2\n\nNext is the same word twice:': 376}"
gemma-3-12b-it,English,30,10000,2664,73.36%,36,56.60%,5.86, 3) 4) 5) ,"{' 3) 4) 5) ': 4607, ' 1) 2)\n\nThis is a': 404, ' 2\n\nNext is the same word twice:': 326}"
gemma-3-12b-it,English,31,10000,2420,75.80%,38,59.07%,5.58, 3) 4) 5) ,"{' 3) 4) 5) ': 4793, ' 1) 2)\n\nThis is a': 361, ' 2\n\nNext is the same word twice:': 358}"
gemma-3-12b-it,English,32,10000,1800,82.00%,38,65.11%,4.72, 3) 4) 5) ,"{' 3) 4) 5) ': 5427, ' 2\n\nNext is the same word twice:': 432, ' 1)\n\nThe next word is: ': 244}"
gemma-3-12b-it,English,33,10000,1091,89.09%,41,69.97%,4.06, 3) 4) 5) ,"{' 3) 4) 5) ': 5398, ' 2\n\nNext is the same word twice:': 723, ' 1)\n\nThe next word is: ': 369}"
gemma-3-12b-it,English,34,10000,1096,89.04%,40,69.08%,4.13, 3) 4) 5) ,"{' 3) 4) 5) ': 5244, ' 2\n\nNext is the same word twice:': 732, ' 1)\n\nThe next word is: ': 485}"
gemma-3-12b-it,English,35,10000,418,95.82%,35,75.25%,3.39, 3) 4) 5) ,"{' 3) 4) 5) ': 4823, ' 2\n\nNext is the same word twice:': 1478, ' 1)\n\nThe next word is: ': 576}"
gemma-3-12b-it,English,36,10000,470,95.30%,42,75.32%,3.44, 3) 4) 5) ,"{' 3) 4) 5) ': 5027, ' 2\n\nNext is the same word twice:': 1465, ' 1)\n\nThe next word is: ': 485}"
gemma-3-12b-it,English,37,10000,320,96.80%,38,78.18%,3.16, 3) 4) 5) ,"{' 3) 4) 5) ': 5183, ' 2\n\nNext is the same word twice:': 1572, ' 1)\n\nThe next word is: ': 499}"
gemma-3-12b-it,English,38,10000,239,97.61%,34,74.76%,3.31, 3) 4) 5) ,"{' 3) 4) 5) ': 4702, ' 2\n\nNext is the same word twice:': 1709, ' 1)\n\nThe next word is: ': 486}"
gemma-3-12b-it,English,39,10000,180,98.20%,33,78.65%,3.01, 3) 4) 5) ,"{' 3) 4) 5) ': 5001, ' 2\n\nNext is the same word twice:': 1874, ' 1)\n\nThe next word is: ': 396}"
gemma-3-12b-it,English,40,10000,121,98.79%,33,79.22%,3.06, 3) 4) 5) ,"{' 3) 4) 5) ': 4134, ' 2\n\nNext is the same word twice:': 2586, ' 1)\n\nThe next word is: ': 482}"
gemma-3-12b-it,English,41,10000,135,98.65%,31,77.30%,3.22, 3) 4) 5) ,"{' 3) 4) 5) ': 3491, ' 2\n\nNext is the same word twice:': 2963, ' 2 1\n\nNext is the same word': 523}"
gemma-3-12b-it,English,42,10000,148,98.52%,38,71.14%,3.58," 2

Next is the same word twice:","{' 2\n\nNext is the same word twice:': 2922, ' 3) 4) 5) ': 2713, ' 1)\n\nThe next word is: ': 528}"
gemma-3-12b-it,English,43,10000,136,98.64%,35,77.20%,3.38," 2

Next is the same word twice:","{' 2\n\nNext is the same word twice:': 3295, ' 3) 4) 5) ': 2734, ' 2 1\n\nNext is the same word': 747}"
gemma-3-12b-it,English,44,10000,120,98.80%,39,77.03%,3.32," 2

Next is the same word twice:","{' 2\n\nNext is the same word twice:': 3618, ' 3) 4) 5) ': 2550, ' 2 1\n\nNext is the same word': 804}"
gemma-3-12b-it,English,45,10000,89,99.11%,27,82.42%,2.98," 2

Next is the same word twice:","{' 2\n\nNext is the same word twice:': 3946, ' 3) 4) 5) ': 2357, ' 2 1\n\nNext is the same word': 1278}"
gemma-3-12b-it,English,46,10000,97,99.03%,33,80.97%,3.06," 2

Next is the same word twice:","{' 2\n\nNext is the same word twice:': 4156, ' 3) 4) 5) ': 1907, ' 2 1\n\nNext is the same word': 1314}"
gemma-3-12b-it,English,47,10000,80,99.20%,24,85.64%,2.73," 2

Next is the same word twice:","{' 2\n\nNext is the same word twice:': 3788, ' 3) 4) 5) ': 2953, ' 2 1\n\nNext is the same word': 1372}"
gemma-3-12b-it,English,48,10000,266,97.34%,36,74.22%,3.65," 2

Next is the same word twice:","{' 2\n\nNext is the same word twice:': 3241, ' 3) 4) 5) ': 2266, ' 11\n\nNext is the same word twice': 1064}"
gemma-3-12b-it,German,1,10000,5431,45.69%,71,2.27%,11.8," ు

Welches Wort ist das?

","{' ు\n\nWelches Wort ist das?\n\n': 53, ' ণ\n\nDie Antwort ist: ণ\n\n': 52, ' 웅\n\nIch bin mir nicht sicher, ob': 50}"
gemma-3-12b-it,German,2,10000,6189,38.11%,49,1.66%,12.12," ь

Die Antwort ist: **ь**","{' ь\n\nDie Antwort ist: **ь**': 42, ' ণ\n\nDie Antwort ist: ণ\n\n': 38, ' ரு\n\nDie Antwort ist: **ரு**': 31}"
gemma-3-12b-it,German,3,10000,6772,32.28%,44,1.80%,12.3," unglücklich

Das Wort ist ""ungl","{' unglücklich\n\nDas Wort ist ""ungl': 61, ' 1) 1) 1) ': 40, ' Zeit\n\nDas Wort ist ""Zeit"".\n<end_of_turn>': 33}"
gemma-3-12b-it,German,4,10000,7443,25.57%,25,0.94%,12.56," Stelle

Ich habe das Wort ""Stelle""","{' Stelle\n\nIch habe das Wort ""Stelle""': 23, ' Zeit\n\nDas Wort ist ""Zeit"".\n<end_of_turn>': 19, ' Bereich\n\nDas Wort ""Bereich"" kommt zweimal': 19}"
gemma-3-12b-it,German,5,10000,7532,24.68%,30,1.10%,12.57," Haus

Das Wort ist ""Haus"".
<end_of_turn>","{' Haus\n\nDas Wort ist ""Haus"".\n<end_of_turn>': 30, ' Zeit\n\nDas Wort ist ""Zeit"".\n<end_of_turn>': 22, ' Stelle\n\nIch habe das Wort ""Stelle""': 20}"
gemma-3-12b-it,German,6,10000,7565,24.35%,27,1.06%,12.58," Haus

Das Wort ist ""Haus"".
<end_of_turn>","{' Haus\n\nDas Wort ist ""Haus"".\n<end_of_turn>': 31, ' Zeit\n\nDas Wort ist ""Zeit"".\n<end_of_turn>': 20, ' Stelle\n\nIch habe das Wort ""Stelle""': 19}"
gemma-3-12b-it,German,7,10000,7714,22.86%,26,0.92%,12.63," Haus

Das Wort ""Haus"" kommt zweimal vor","{' Haus\n\nDas Wort ""Haus"" kommt zweimal vor': 20, ' Punkt\n\nIch habe das Wort ""Punkt""': 19, ' Meister\n\nIch habe das Wort ""Meister""': 19}"
gemma-3-12b-it,German,8,10000,7920,20.80%,20,1.03%,12.7," Haus

Das Wort ""Haus"" kommt zweimal vor","{' Haus\n\nDas Wort ""Haus"" kommt zweimal vor': 32, ' Punkt\n\nIch habe das Wort ""Punkt""': 20, ' Spiel\n\nDas Wort ""Spiel"" kommt zweimal vor': 19}"
gemma-3-12b-it,German,9,10000,7982,20.18%,19,1.06%,12.72," Haus

Das Wort ""Haus"" kommt zweimal vor","{' Haus\n\nDas Wort ""Haus"" kommt zweimal vor': 37, ' Punkt\n\nIch habe das Wort ""Punkt""': 20, ' Seite\n\nIch habe das Wort ""Seite"" zweimal': 18}"
gemma-3-12b-it,German,10,10000,8005,19.95%,20,0.98%,12.73," Haus

Das Wort ""Haus"" kommt zweimal vor","{' Haus\n\nDas Wort ""Haus"" kommt zweimal vor': 35, ' Seite\n\nIch habe das Wort ""Seite"" zweimal': 17, ' Punkt\n\nIch habe das Wort ""Punkt""': 16}"
gemma-3-12b-it,German,11,10000,8200,18.00%,14,0.97%,12.79," Haus

Das Wort ""Haus"" kommt zweimal vor","{' Haus\n\nDas Wort ""Haus"" kommt zweimal vor': 31, ' Punkt\n\nIch habe das Wort ""Punkt""': 21, ' Film\n\nIch habe das Wort ""Film"" zweimal': 16}"
gemma-3-12b-it,German,12,10000,8291,17.09%,14,0.80%,12.83," Haus

Das Wort ""Haus"" kommt zweimal vor","{' Haus\n\nDas Wort ""Haus"" kommt zweimal vor': 25, ' Platz\n\nIch habe das Wort ""Platz"" in': 15, ' Geschichte\n\nIch habe das Wort ""Geschichte"" zweimal': 14}"
gemma-3-12b-it,German,13,10000,8394,16.06%,9,0.66%,12.86," Spiel

Ich habe das Wort ""Spiel"" zweimal","{' Spiel\n\nIch habe das Wort ""Spiel"" zweimal': 14, ' Zeit\n\nIch habe das Wort ""Zeit"" zweimal': 14, ' Punkt\n\nIch habe das Wort ""Punkt""': 14}"
gemma-3-12b-it,German,14,10000,8289,17.11%,11,0.90%,12.82," Zeit

Ich habe das Wort ""Zeit"" zweimal","{' Zeit\n\nIch habe das Wort ""Zeit"" zweimal': 26, ' Spiel\n\nIch habe das Wort ""Spiel"" zweimal': 20, ' Punkt\n\nIch habe das Wort ""Punkt""': 17}"
gemma-3-12b-it,German,15,10000,8110,18.90%,21,1.17%,12.76," Zeit

Ich habe das Wort ""Zeit"" zweimal","{' Zeit\n\nIch habe das Wort ""Zeit"" zweimal': 39, ' Spiel\n\nIch habe das Wort ""Spiel"" zweimal': 27, ' Punkt\n\nIch habe das Wort ""Punkt""': 18}"
gemma-3-12b-it,German,16,10000,7907,20.93%,20,1.25%,12.7," Zeit

Ich habe das Wort ""Zeit"" zweimal","{' Zeit\n\nIch habe das Wort ""Zeit"" zweimal': 39, ' Spiel\n\nIch habe das Wort ""Spiel"" zweimal': 28, ' Punkt\n\nIch habe das Wort ""Punkt""': 21}"
gemma-3-12b-it,German,17,10000,7772,22.28%,27,1.28%,12.65," Zeit

Ich habe das Wort ""Zeit"" zweimal","{' Zeit\n\nIch habe das Wort ""Zeit"" zweimal': 38, ' Spiel\n\nIch habe das Wort ""Spiel"" zweimal': 28, ' Weg\n\nIch habe das Wort ""Weg""': 21}"
gemma-3-12b-it,German,18,10000,7715,22.85%,25,1.36%,12.63,"

Ich habe eine Frage zu einem Text. Das","{'\n\nIch habe eine Frage zu einem Text. Das': 34, ' Zeit\n\nIch habe das Wort ""Zeit"" zweimal': 33, ' Spiel\n\nIch habe das Wort ""Spiel"" zweimal': 29}"
gemma-3-12b-it,German,19,10000,7510,24.90%,34,1.93%,12.51,"

Ich habe eine Frage zu einem Text. Das","{'\n\nIch habe eine Frage zu einem Text. Das': 66, '\n\nDie Antwort ist: **""dasselbe': 38, ' 1.\n\nDas Wort ist ""1"".': 31}"
gemma-3-12b-it,German,20,10000,7395,26.05%,40,2.39%,12.44,"

Die Antwort ist: **""dasselbe","{'\n\nDie Antwort ist: **""dasselbe': 74, '\n\nIch habe eine Frage zu einem Text. Das': 69, ' 1) 1) 1) ': 35}"
gemma-3-12b-it,German,21,10000,7258,27.42%,40,3.75%,12.31,"

Ich habe eine Frage zu einem Text. Das","{'\n\nIch habe eine Frage zu einem Text. Das': 126, '\n\nDie Antwort ist: **""dasselbe': 106, '\n\nIch habe das Wort ""dasselbe""': 53}"
gemma-3-12b-it,German,22,10000,7021,29.79%,35,6.16%,12.07,"

Die Antwort ist: **""dasselbe","{'\n\nDie Antwort ist: **""dasselbe': 186, '\n\nIch habe eine Frage zu einem Text. Das': 157, '\n\nDie Antwort ist: **""und""**.': 117}"
gemma-3-12b-it,German,23,10000,5972,40.28%,39,13.31%,11.12,"

Die Antwort ist: **""dasselbe","{'\n\nDie Antwort ist: **""dasselbe': 403, '\n\nDie Antwort ist: **""und""**.': 273, '\n\nIch habe eine Frage zu einem Text. Das': 244}"
gemma-3-12b-it,German,24,10000,4258,57.42%,34,27.11%,9.2,"

Die Antwort ist: **""dasselbe","{'\n\nDie Antwort ist: **""dasselbe': 909, '\n\nIch habe das Wort ""dasselbe""': 591, '\n\nIch habe das Gefühl, dass ich mich wieder': 480}"
gemma-3-12b-it,German,25,10000,3024,69.76%,32,40.60%,7.48,"

Die Antwort ist: **""dasselbe","{'\n\nDie Antwort ist: **""dasselbe': 1890, ' 3) 4) 5)\n\n': 665, '\n\nIch habe das Gefühl, dass ich mich wieder': 618}"
gemma-3-12b-it,German,26,10000,2250,77.50%,30,50.32%,6.3,"

Die Antwort ist: **""dasselbe","{'\n\nDie Antwort ist: **""dasselbe': 2900, '\n\nIch habe eine Frage zu einem Text. Das': 606, '\n\nIch habe das Wort ""dasselbe""': 562}"
gemma-3-12b-it,German,27,10000,1699,83.01%,25,58.92%,5.39,"

Die Antwort ist: **""dasselbe","{'\n\nDie Antwort ist: **""dasselbe': 3518, '\n\nIch habe das Wort ""dasselbe""': 795, ' 3) 4) 5)\n\n': 621}"
gemma-3-12b-it,German,28,10000,1358,86.42%,26,60.10%,5.05,"

Die Antwort ist: **""dasselbe","{'\n\nDie Antwort ist: **""dasselbe': 3353, '\n\nIch habe das Wort ""dasselbe""': 1062, '\n\nIch habe eine Frage zu einem Text. Das': 634}"
gemma-3-12b-it,German,29,10000,1228,87.72%,26,64.21%,4.9,"

Die Antwort ist: **""dasselbe","{'\n\nDie Antwort ist: **""dasselbe': 2604, ' 3) 4) 5)\n\n': 1182, '\n\nIch habe das Wort ""dasselbe""': 1166}"
gemma-3-12b-it,German,30,10000,1349,86.51%,39,58.31%,5.29,"

Die Antwort ist: **""dasselbe","{'\n\nDie Antwort ist: **""dasselbe': 2448, '\n\nIch habe das Wort ""dasselbe""': 1093, ' 3) 4) 5)\n\n': 1091}"
gemma-3-12b-it,German,31,10000,1122,88.78%,34,59.12%,4.98,"

Die Antwort ist: **""dasselbe","{'\n\nDie Antwort ist: **""dasselbe': 2615, ' 3) 4) 5)\n\n': 1117, '\n\nIch habe das Wort ""dasselbe""': 848}"
gemma-3-12b-it,German,32,10000,764,92.36%,31,63.46%,4.54,"

Die Antwort ist: **""dasselbe","{'\n\nDie Antwort ist: **""dasselbe': 2780, ' 3) 4) 5)\n\n': 1007, '\n\nIch habe eine Frage zu einem Text. Das': 989}"
gemma-3-12b-it,German,33,10000,512,94.88%,30,71.26%,3.95,"

Die Antwort ist: **""dasselbe","{'\n\nDie Antwort ist: **""dasselbe': 3432, ' 3) 4) 5)\n\n': 1019, '\n\nIch habe eine Frage zu einem Text. Das': 1013}"
gemma-3-12b-it,German,34,10000,437,95.63%,29,70.38%,3.89,"

Die Antwort ist: **""dasselbe","{'\n\nDie Antwort ist: **""dasselbe': 3456, '\n\nIch habe eine Frage zu einem Text. Das': 1057, ' 3) 4) 5)\n\n': 1024}"
gemma-3-12b-it,German,35,10000,281,97.19%,23,71.07%,3.71,"

Die Antwort ist: **""dasselbe","{'\n\nDie Antwort ist: **""dasselbe': 2647, '\n\nIch habe eine Frage zu einem Text. Das': 1231, ' 3) 4) 5)\n\n': 1105}"
gemma-3-12b-it,German,36,10000,330,96.70%,33,72.18%,3.79,"

Die Antwort ist: **""dasselbe","{'\n\nDie Antwort ist: **""dasselbe': 3236, '\n\nIch habe eine Frage zu einem Text. Das': 1122, ' 3) 4) 5)\n\n': 1032}"
gemma-3-12b-it,German,37,10000,227,97.73%,31,75.06%,3.65,"

Die Antwort ist: **""dasselbe","{'\n\nDie Antwort ist: **""dasselbe': 2925, ' 3) 4) 5)\n\n': 1407, '\n\nIch habe eine Frage zu einem Text. Das': 1190}"
gemma-3-12b-it,German,38,10000,176,98.24%,29,78.00%,3.49,"

Die Antwort ist: **""dasselbe","{'\n\nDie Antwort ist: **""dasselbe': 2892, '\n\nIch habe eine Frage zu einem Text. Das': 1479, ' 3) 4) 5)\n\n': 1436}"
gemma-3-12b-it,German,39,10000,145,98.55%,27,78.73%,3.45,"

Die Antwort ist: **""dasselbe","{'\n\nDie Antwort ist: **""dasselbe': 2853, '\n\nIch habe eine Frage zu einem Text. Das': 1450, ' 3) 4) 5)\n\n': 1333}"
gemma-3-12b-it,German,40,10000,119,98.81%,28,78.52%,3.43,"

Die Antwort ist: **""dasselbe","{'\n\nDie Antwort ist: **""dasselbe': 2531, ' 3) 4) 5)\n\n': 1615, '\n\nIch habe das Wort ""dasselbe""': 1428}"
gemma-3-12b-it,German,41,10000,105,98.95%,31,78.71%,3.47,"

Die Antwort ist: **""dasselbe","{'\n\nDie Antwort ist: **""dasselbe': 2022, ' 3) 4) 5)\n\n': 1699, '\n\nIch habe das Gefühl, dass ich mich wieder': 1453}"
gemma-3-12b-it,German,42,10000,104,98.96%,31,77.23%,3.51,"

Die Antwort ist: **""dasselbe","{'\n\nDie Antwort ist: **""dasselbe': 2183, ' 3) 4) 5)\n\n': 1827, '\n\nIch habe das Wort ""dasselbe""': 1256}"
gemma-3-12b-it,German,43,10000,87,99.13%,28,73.98%,3.55," 3) 4) 5)

","{' 3) 4) 5)\n\n': 1958, '\n\nDie Antwort ist: **""dasselbe': 1541, '\n\nIch habe das Wort ""dasselbe""': 1414}"
gemma-3-12b-it,German,44,10000,76,99.24%,28,78.54%,3.4,"

Ich habe das Wort ""dasselbe""","{'\n\nIch habe das Wort ""dasselbe""': 1797, '\n\nIch habe das Gefühl, dass ich mich wieder': 1740, ' 3) 4) 5)\n\n': 1684}"
gemma-3-12b-it,German,45,10000,71,99.29%,23,81.34%,3.21,"

Ich habe das Gefühl, dass ich mich wieder","{'\n\nIch habe das Gefühl, dass ich mich wieder': 2311, '\n\nIch habe das Wort ""dasselbe""': 1742, ' 3) 4) 5)\n\n': 1662}"
gemma-3-12b-it,German,46,10000,72,99.28%,24,80.23%,3.18,"

Ich habe das Wort ""dasselbe""","{'\n\nIch habe das Wort ""dasselbe""': 2638, '\n\nIch habe das Gefühl, dass ich mich wieder': 2115, ' 3) 4) 5)\n\n': 1480}"
gemma-3-12b-it,German,47,10000,53,99.47%,20,86.30%,2.87,"

Ich habe das Gefühl, dass ich mich wieder","{'\n\nIch habe das Gefühl, dass ich mich wieder': 2835, '\n\nIch habe das Wort ""dasselbe""': 2737, ' 3) 4) 5)\n\n': 1338}"
gemma-3-12b-it,German,48,10000,393,96.07%,29,78.35%,3.06," 3) 4) 5)

","{' 3) 4) 5)\n\n': 5723, '\n\nIch habe das Wort ""dasselbe""': 632, ' 3) 4) 5) ': 591}"
gemma-3-12b-it,Korean,1,10000,1981,80.19%,204,8.34%,9.48,"자

이것은 문법적으로 잘못된","{'자\n\n이것은 문법적으로 잘못된': 298, '부\n\n이 단어는 문맥에 따라': 150, '사\n\n이것은 오타일까요?': 138}"
gemma-3-12b-it,Korean,2,10000,2811,71.89%,169,6.16%,10.17,"자

이것은 문법적으로 잘못된","{'자\n\n이것은 문법적으로 잘못된': 188, '부\n\n이 단어는 문맥에 따라': 131, ' 원\n\n이 문장을 수정하면 다음과 같습니다.': 107}"
gemma-3-12b-it,Korean,3,10000,4302,56.98%,131,4.77%,11.03," 기

이 문장을 수정하면 다음과 같습니다.","{' 기\n\n이 문장을 수정하면 다음과 같습니다.': 116, ' 자\n\n이것은 문법적으로 잘못된': 105, ' 원\n\n이 문장을 수정하면 다음과 같습니다.': 97}"
gemma-3-12b-it,Korean,4,10000,5886,41.14%,74,4.06%,11.77, 1) 1) 1) ,"{' 1) 1) 1) ': 150, ' 기\n\n이 문장을 수정하면 다음과 같습니다.': 76, ' 자\n\n이 문장을 수정하면 다음과 같습니다.': 64}"
gemma-3-12b-it,Korean,5,10000,6409,35.91%,57,5.81%,11.86, 1) 1) 1) ,"{' 1) 1) 1) ': 379, ' 3) 4) 5) ': 54, ' 1)\n\n수정 제안:\n\n': 53}"
gemma-3-12b-it,Korean,6,10000,6601,33.99%,49,8.19%,11.78, 1) 1) 1) ,"{' 1) 1) 1) ': 574, ' 1)\n\n이 문장을 수정하면 다음과': 88, ' 1)\n\n수정 제안:\n\n': 64}"
gemma-3-12b-it,Korean,7,10000,6575,34.25%,46,10.93%,11.61, 1) 1) 1) ,"{' 1) 1) 1) ': 768, ' 1)\n\n수정 제안:\n\n': 111, ' 1)\n\n이 문장을 수정하면 다음과': 104}"
gemma-3-12b-it,Korean,8,10000,6625,33.75%,35,14.92%,11.33, 1) 1) 1) ,"{' 1) 1) 1) ': 1111, ' 1)\n\n수정 제안:\n\n': 139, ' 1)\n\n이 문장을 수정하면 다음과': 114}"
gemma-3-12b-it,Korean,9,10000,6618,33.82%,29,17.47%,11.15, 1) 1) 1) ,"{' 1) 1) 1) ': 1326, ' 1)\n\n수정 제안:\n\n': 141, ' 1)\n\n이 문장을 수정하면 다음과': 131}"
gemma-3-12b-it,Korean,10,10000,6673,33.27%,33,15.40%,11.31, 1) 1) 1) ,"{' 1) 1) 1) ': 1146, ' 1)\n\n수정 제안:\n\n': 152, ' 1)\n\n이 문장을 수정하면 다음과': 132}"
gemma-3-12b-it,Korean,11,10000,6739,32.61%,39,13.57%,11.48, 1) 1) 1) ,"{' 1) 1) 1) ': 974, ' 1)\n\n이 문장을 수정하면 다음과': 141, ' 1)\n\n수정 제안:\n\n': 130}"
gemma-3-12b-it,Korean,12,10000,6762,32.38%,28,14.46%,11.43, 1) 1) 1) ,"{' 1) 1) 1) ': 1058, ' 1)\n\n이 문장을 수정하면 다음과': 124, ' 1)\n\n수정 제안:\n\n': 113}"
gemma-3-12b-it,Korean,13,10000,6664,33.36%,34,14.78%,11.36, 1) 1) 1) ,"{' 1) 1) 1) ': 1088, ' 1)\n\n이 문장을 수정하면 다음과': 154, ' 3) 4) 5) ': 94}"
gemma-3-12b-it,Korean,14,10000,6601,33.99%,44,13.38%,11.41, 1) 1) 1) ,"{' 1) 1) 1) ': 1030, ' 1)\n\n이 문장을 수정하면 다음과': 120, ' 3) 4) 5) ': 70}"
gemma-3-12b-it,Korean,15,10000,6536,34.64%,36,11.70%,11.51, 1) 1) 1) ,"{' 1) 1) 1) ': 851, ' 1\n\n이 문장을 수정하면 다음과 같습니다': 119, ' 1)\n\n이 문장을 수정하면 다음과': 75}"
gemma-3-12b-it,Korean,16,10000,6369,36.31%,38,11.75%,11.48, 1) 1) 1) ,"{' 1) 1) 1) ': 791, ' 1\n\n이 문장을 수정하면 다음과 같습니다': 149, ' 1\n\n이 문장에서 ""1""이라는': 99}"
gemma-3-12b-it,Korean,17,10000,5721,42.79%,46,19.33%,10.62, 1) 1) 1) ,"{' 1) 1) 1) ': 1367, ' 1\n\n이 문장에서 ""1""이라는': 236, ' 1\n\n이 문장을 수정하면 다음과 같습니다': 115}"
gemma-3-12b-it,Korean,18,10000,5132,48.68%,53,23.49%,9.99, 1) 1) 1) ,"{' 1) 1) 1) ': 1744, ' 1\n\n이 문장에서 ""1""이라는': 234, ' 3) 4) 5) ': 142}"
gemma-3-12b-it,Korean,19,10000,4422,55.78%,54,28.17%,9.31, 1) 1) 1) ,"{' 1) 1) 1) ': 1913, ' 1\n\n이 문장에서 ""1""이라는': 299, ' 3) 4) 5) ': 240}"
gemma-3-12b-it,Korean,20,10000,3954,60.46%,49,33.74%,8.64, 1) 1) 1) ,"{' 1) 1) 1) ': 2317, ' 3) 4) 5) ': 339, ' 3)\n\n이 문장에서 반복되는 단': 284}"
gemma-3-12b-it,Korean,21,10000,3766,62.34%,46,35.49%,8.37, 1) 1) 1) ,"{' 1) 1) 1) ': 2287, ' 3) 4) 5) ': 405, ' 1) 1) 2)\n\n': 344}"
gemma-3-12b-it,Korean,22,10000,3415,65.85%,50,37.47%,8.05, 1) 1) 1) ,"{' 1) 1) 1) ': 2115, ' 3) 4) 5) ': 547, ' 3)\n\n이 문장에서 반복되는 단': 422}"
gemma-3-12b-it,Korean,23,10000,2463,75.37%,50,42.05%,7.19, 1) 1) 1) ,"{' 1) 1) 1) ': 1357, '\n\n1) 1)\n\n이것은': 1048, ' 3) 4) 5) ': 891}"
gemma-3-12b-it,Korean,24,10000,1750,82.50%,48,46.74%,6.29,"

1) 1)

이것은","{'\n\n1) 1)\n\n이것은': 1738, ' 1) 1) 1) ': 1065, ' 3) 4) 5) ': 901}"
gemma-3-12b-it,Korean,25,10000,1643,83.57%,41,44.23%,6.23, 3) 4) 5) ,"{' 3) 4) 5) ': 1258, '\n\n1) 1)\n\n이것은': 1157, ' 1) 1) 1) ': 939}"
gemma-3-12b-it,Korean,26,10000,1446,85.54%,49,48.44%,5.95,"

1) 1)

이것은","{'\n\n1) 1)\n\n이것은': 1870, ' 3) 4) 5) ': 1042, ' 1) 1) 1) ': 796}"
gemma-3-12b-it,Korean,27,10000,1242,87.58%,48,54.38%,5.43,"

1) 1)

이것은","{'\n\n1) 1)\n\n이것은': 2878, '\n\n1) 1998년,': 850, '\n\n1) 1) 1) ': 613}"
gemma-3-12b-it,Korean,28,10000,1195,88.05%,47,51.75%,5.53,"

1) 1)

이것은","{'\n\n1) 1)\n\n이것은': 2531, '\n\n1) 1998년,': 1000, '\n\n1) 1) 1) ': 724}"
gemma-3-12b-it,Korean,29,10000,926,90.74%,42,54.94%,4.87,"

1) 1)

이것은","{'\n\n1) 1)\n\n이것은': 3454, '\n\n1) 1998년,': 539, '\n\n1) 1)\n\n이런 식으로': 521}"
gemma-3-12b-it,Korean,30,10000,918,90.82%,47,51.28%,5.25,"

1) 1)

이것은","{'\n\n1) 1)\n\n이것은': 2416, ' 3) 4) 5) ': 983, '\n\n1) 1998년,': 652}"
gemma-3-12b-it,Korean,31,10000,822,91.78%,47,48.69%,5.3,"

1) 1)

이것은","{'\n\n1) 1)\n\n이것은': 2077, ' 3) 4) 5) ': 1101, ' 3) 4) 5)\n\n': 650}"
gemma-3-12b-it,Korean,32,10000,667,93.33%,41,52.46%,4.84,"

1) 1)

이것은","{'\n\n1) 1)\n\n이것은': 2944, ' 3) 4) 5) ': 816, '\n\n1) 1) 1) ': 549}"
gemma-3-12b-it,Korean,33,10000,440,95.60%,36,57.92%,4.27,"

1) 1)

이것은","{'\n\n1) 1)\n\n이것은': 3695, ' 3) 4) 5) ': 620, '\n\n1) 1) 1) ': 593}"
gemma-3-12b-it,Korean,34,10000,392,96.08%,43,60.82%,4.11,"

1) 1)

이것은","{'\n\n1) 1)\n\n이것은': 4018, '\n\n1) 1) 1) ': 694, '\n\n1) 1)\n\n2) ': 545}"
gemma-3-12b-it,Korean,35,10000,159,98.41%,31,75.61%,2.99,"

1) 1)

이것은","{'\n\n1) 1)\n\n이것은': 5501, '\n\n1) 1) 1) ': 731, '\n\n1) 1)\n\n이런 식으로': 489}"
gemma-3-12b-it,Korean,36,10000,253,97.47%,32,66.45%,3.62,"

1) 1)

이것은","{'\n\n1) 1)\n\n이것은': 4551, '\n\n1) 1)\n\n2) ': 587, '\n\n1) 1) 1) ': 558}"
gemma-3-12b-it,Korean,37,10000,201,97.99%,33,71.86%,3.37,"

1) 1)

이것은","{'\n\n1) 1)\n\n이것은': 4701, '\n\n1) 1)\n\n2) ': 753, '\n\n1) 1) 2) ': 672}"
gemma-3-12b-it,Korean,38,10000,153,98.47%,32,77.70%,3.11,"

1) 1)

이것은","{'\n\n1) 1)\n\n이것은': 4972, '\n\n1) 1)\n\n2) ': 950, '\n\n1) 1) 2) ': 834}"
gemma-3-12b-it,Korean,39,10000,116,98.84%,31,79.75%,2.87,"

1) 1)

이것은","{'\n\n1) 1)\n\n이것은': 5474, '\n\n1) 1)\n\n2) ': 950, '\n\n1) 1) 2) ': 669}"
gemma-3-12b-it,Korean,40,10000,112,98.88%,28,83.19%,2.7,"

1) 1)

이것은","{'\n\n1) 1)\n\n이것은': 5640, '\n\n1) 1) 2) ': 937, '\n\n1) 1)\n\n2) ': 828}"
gemma-3-12b-it,Korean,41,10000,98,99.02%,29,82.50%,2.75,"

1) 1)

이것은","{'\n\n1) 1)\n\n이것은': 5486, '\n\n1) 1) 2) ': 1081, '\n\n1) 1)\n\n2) ': 704}"
gemma-3-12b-it,Korean,42,10000,93,99.07%,33,79.58%,3.09,"

1) 1)

이것은","{'\n\n1) 1)\n\n이것은': 4631, '\n\n1) 1) 2) ': 1231, '\n\n1) 1)\n\n2) ': 829}"
gemma-3-12b-it,Korean,43,10000,76,99.24%,30,82.64%,3.05,"

1) 1)

이것은","{'\n\n1) 1)\n\n이것은': 4254, '\n\n1) 1) 2) ': 1475, '\n\n1) 1)\n\n2) ': 1159}"
gemma-3-12b-it,Korean,44,10000,76,99.24%,33,77.91%,3.35,"

1) 1)

이것은","{'\n\n1) 1)\n\n이것은': 3416, '\n\n1) 1) 2) ': 1885, '\n\n1) 1)\n\n2) ': 1050}"
gemma-3-12b-it,Korean,45,10000,58,99.42%,28,79.03%,3.21,"

1) 1)

이것은","{'\n\n1) 1)\n\n이것은': 3105, '\n\n1) 1) 2) ': 2577, '\n\n1) 1) 1) ': 916}"
gemma-3-12b-it,Korean,46,10000,69,99.31%,30,78.80%,3.31,"

1) 1) 2) ","{'\n\n1) 1) 2) ': 2827, '\n\n1) 1)\n\n이것은': 2404, '\n\n1) 1) 1) ': 1228}"
gemma-3-12b-it,Korean,47,10000,63,99.37%,27,86.34%,2.98,"

1) 1) 2) ","{'\n\n1) 1) 2) ': 2907, '\n\n1) 1)\n\n이것은': 2382, '\n\n1) 1) 1) ': 1795}"
gemma-3-12b-it,Korean,48,10000,197,98.03%,37,61.66%,4.11," 1

이 문장에서 ""1""이라는","{' 1\n\n이 문장에서 ""1""이라는': 1926, ' 3) 4) 5)\n\n': 1670, ' 3) 4) 5) ': 891}"
